Page URL,Demo requests
https://acme-invoicing.example/pricing?utm_campaign=x,120
https://acme-invoicing.example/solutions/agencies/,80
https://acme-invoicing.example/features/multi-currency,60
https://acme-invoicing.example/guides/invoice-approval,55
https://acme-invoicing.example/integrations,40
https://acme-invoicing.example/blog/recurring-invoices,10
https://acme-invoicing.example/blog/late-payment-reminders,5
https://acme-invoicing.example/about,2
https://acme-invoicing.example/security,30
