prompt_id,bucket,branded,phrasing,prompt,engine,run,date,settings,brand_mentioned,brand_position,brand_cited_url,competitors_mentioned,cited_urls,notes
P01,discovery,no,a,unbranded prompt P01,Engine A,1,2026-08-03,out/web-on/US/desktop,yes,2,https://acme-invoicing.example/guides/p01,Northwind Pay,https://acme-invoicing.example/guides/p01;https://www.northwindpay.example/pricing,
P01,discovery,no,a,unbranded prompt P01,Engine A,2,2026-08-12,out/web-on/US/desktop,yes,2,,Globex Billing;Initech Ledger,https://globex-billing.example/features,
P01,discovery,no,a,unbranded prompt P01,Engine A,3,2026-08-21,out/web-on/US/desktop,yes,2,,Northwind Pay,https://www.northwindpay.example/pricing,
P02,discovery,no,a,unbranded prompt P02,Engine A,1,2026-08-03,out/web-on/US/desktop,yes,2,https://acme-invoicing.example/guides/p02,Globex Billing;Initech Ledger,https://acme-invoicing.example/guides/p02;https://globex-billing.example/features,
P02,discovery,no,a,unbranded prompt P02,Engine A,2,2026-08-12,out/web-on/US/desktop,yes,2,,Northwind Pay,https://www.northwindpay.example/pricing,
P02,discovery,no,a,unbranded prompt P02,Engine A,3,2026-08-21,out/web-on/US/desktop,yes,1,,,,
P03,discovery,no,a,unbranded prompt P03,Engine A,1,2026-08-03,out/web-on/US/desktop,yes,2,https://acme-invoicing.example/guides/p03,Northwind Pay,https://acme-invoicing.example/guides/p03;https://www.northwindpay.example/pricing,
P03,discovery,no,a,unbranded prompt P03,Engine A,2,2026-08-12,out/web-on/US/desktop,yes,1,,,,
P03,discovery,no,a,unbranded prompt P03,Engine A,3,2026-08-21,out/web-on/US/desktop,yes,2,,Northwind Pay,https://www.northwindpay.example/pricing,
P04,discovery,no,a,unbranded prompt P04,Engine A,1,2026-08-03,out/web-on/US/desktop,yes,1,https://acme-invoicing.example/guides/p04,,https://acme-invoicing.example/guides/p04;https://www.softwarereviews.example/invoicing,
P04,discovery,no,a,unbranded prompt P04,Engine A,2,2026-08-12,out/web-on/US/desktop,yes,2,,Northwind Pay,https://www.northwindpay.example/pricing;https://www.softwarereviews.example/invoicing,
P04,discovery,no,a,unbranded prompt P04,Engine A,3,2026-08-21,out/web-on/US/desktop,yes,1,,,https://www.softwarereviews.example/invoicing,
P05,discovery,no,a,unbranded prompt P05,Engine A,1,2026-08-03,out/web-on/US/desktop,yes,2,https://acme-invoicing.example/guides/p05,Northwind Pay,https://acme-invoicing.example/guides/p05;https://www.northwindpay.example/pricing;https://financeblog.example/best-invoicing,
P05,discovery,no,a,unbranded prompt P05,Engine A,2,2026-08-12,out/web-on/US/desktop,no,,,,https://financeblog.example/best-invoicing,
P05,discovery,no,a,unbranded prompt P05,Engine A,3,2026-08-21,out/web-on/US/desktop,no,,,Northwind Pay,https://www.northwindpay.example/pricing;https://financeblog.example/best-invoicing,
P06,discovery,no,a,unbranded prompt P06,Engine A,1,2026-08-03,out/web-on/US/desktop,no,,,,,
P06,discovery,no,a,unbranded prompt P06,Engine A,2,2026-08-12,out/web-on/US/desktop,no,,,Northwind Pay,https://www.northwindpay.example/pricing,
P06,discovery,no,a,unbranded prompt P06,Engine A,3,2026-08-21,out/web-on/US/desktop,no,,,Globex Billing;Initech Ledger,https://globex-billing.example/features,
P07,use-case,no,a,unbranded prompt P07,Engine A,1,2026-08-03,out/web-on/US/desktop,no,,,Northwind Pay,https://www.northwindpay.example/pricing,
P07,use-case,no,a,unbranded prompt P07,Engine A,2,2026-08-12,out/web-on/US/desktop,no,,,Globex Billing;Initech Ledger,https://globex-billing.example/features,
P07,use-case,no,a,unbranded prompt P07,Engine A,3,2026-08-21,out/web-on/US/desktop,no,,,Northwind Pay,https://www.northwindpay.example/pricing,
P08,use-case,no,a,unbranded prompt P08,Engine A,1,2026-08-03,out/web-on/US/desktop,no,,,Globex Billing;Initech Ledger,https://globex-billing.example/features;https://www.softwarereviews.example/invoicing,
P08,use-case,no,a,unbranded prompt P08,Engine A,2,2026-08-12,out/web-on/US/desktop,no,,,Northwind Pay,https://www.northwindpay.example/pricing;https://www.softwarereviews.example/invoicing,
P08,use-case,no,a,unbranded prompt P08,Engine A,3,2026-08-21,out/web-on/US/desktop,no,,,,https://www.softwarereviews.example/invoicing,
P09,use-case,no,a,unbranded prompt P09,Engine A,1,2026-08-03,out/web-on/US/desktop,no,,,Northwind Pay,https://www.northwindpay.example/pricing,
P09,use-case,no,a,unbranded prompt P09,Engine A,2,2026-08-12,out/web-on/US/desktop,no,,,,,
P09,use-case,no,a,unbranded prompt P09,Engine A,3,2026-08-21,out/web-on/US/desktop,no,,,Northwind Pay,https://www.northwindpay.example/pricing,
P10,use-case,no,a,unbranded prompt P10,Engine A,1,2026-08-03,out/web-on/US/desktop,no,,,,https://financeblog.example/best-invoicing,
P10,use-case,no,a,unbranded prompt P10,Engine A,2,2026-08-12,out/web-on/US/desktop,no,,,Northwind Pay,https://www.northwindpay.example/pricing;https://financeblog.example/best-invoicing,
P10,use-case,no,a,unbranded prompt P10,Engine A,3,2026-08-21,out/web-on/US/desktop,no,,,,https://financeblog.example/best-invoicing,
P11,comparison,no,a,unbranded prompt P11,Engine A,1,2026-08-03,out/web-on/US/desktop,no,,,Northwind Pay,https://www.northwindpay.example/pricing,
P11,comparison,no,a,unbranded prompt P11,Engine A,2,2026-08-12,out/web-on/US/desktop,no,,,,,
P11,comparison,no,a,unbranded prompt P11,Engine A,3,2026-08-21,out/web-on/US/desktop,no,,,Northwind Pay,https://www.northwindpay.example/pricing,
P12,comparison,no,a,unbranded prompt P12,Engine A,1,2026-08-03,out/web-on/US/desktop,no,,,,https://www.softwarereviews.example/invoicing,
P12,comparison,no,a,unbranded prompt P12,Engine A,2,2026-08-12,out/web-on/US/desktop,no,,,Northwind Pay,https://www.northwindpay.example/pricing;https://www.softwarereviews.example/invoicing,
P12,comparison,no,a,unbranded prompt P12,Engine A,3,2026-08-21,out/web-on/US/desktop,no,,,Globex Billing;Initech Ledger,https://globex-billing.example/features;https://www.softwarereviews.example/invoicing,
P13,comparison,no,a,unbranded prompt P13,Engine A,1,2026-08-03,out/web-on/US/desktop,no,,,Northwind Pay,https://www.northwindpay.example/pricing,
P13,comparison,no,a,unbranded prompt P13,Engine A,2,2026-08-12,out/web-on/US/desktop,no,,,Globex Billing;Initech Ledger,https://globex-billing.example/features,
P13,comparison,no,a,unbranded prompt P13,Engine A,3,2026-08-21,out/web-on/US/desktop,no,,,Northwind Pay,https://www.northwindpay.example/pricing,
P14,problem,no,a,unbranded prompt P14,Engine A,1,2026-08-03,out/web-on/US/desktop,no,,,Globex Billing;Initech Ledger,https://globex-billing.example/features,
P14,problem,no,a,unbranded prompt P14,Engine A,2,2026-08-12,out/web-on/US/desktop,no,,,Northwind Pay,https://www.northwindpay.example/pricing,
P14,problem,no,a,unbranded prompt P14,Engine A,3,2026-08-21,out/web-on/US/desktop,no,,,,,
P15,problem,no,a,unbranded prompt P15,Engine A,1,2026-08-03,out/web-on/US/desktop,no,,,Northwind Pay,https://www.northwindpay.example/pricing;https://financeblog.example/best-invoicing,
P15,problem,no,a,unbranded prompt P15,Engine A,2,2026-08-12,out/web-on/US/desktop,no,,,,https://financeblog.example/best-invoicing,
P15,problem,no,a,unbranded prompt P15,Engine A,3,2026-08-21,out/web-on/US/desktop,no,,,Northwind Pay,https://www.northwindpay.example/pricing;https://financeblog.example/best-invoicing,
P16,problem,no,a,unbranded prompt P16,Engine A,1,2026-08-03,out/web-on/US/desktop,no,,,,https://www.softwarereviews.example/invoicing,
P16,problem,no,a,unbranded prompt P16,Engine A,2,2026-08-12,out/web-on/US/desktop,no,,,Northwind Pay,https://www.northwindpay.example/pricing;https://www.softwarereviews.example/invoicing,
P16,problem,no,a,unbranded prompt P16,Engine A,3,2026-08-21,out/web-on/US/desktop,no,,,,https://www.softwarereviews.example/invoicing,
P17,brand-direct,yes,a,question about Acme Invoicing P17,Engine A,1,2026-08-03,out/web-on/US/desktop,yes,1,,,,
P17,brand-direct,yes,a,question about Acme Invoicing P17,Engine A,2,2026-08-12,out/web-on/US/desktop,yes,1,,,,
P17,brand-direct,yes,a,question about Acme Invoicing P17,Engine A,3,2026-08-21,out/web-on/US/desktop,yes,1,,,,
P18,brand-direct,yes,a,question about Acme Invoicing P18,Engine A,1,2026-08-03,out/web-on/US/desktop,yes,1,,,,
P18,brand-direct,yes,a,question about Acme Invoicing P18,Engine A,2,2026-08-12,out/web-on/US/desktop,yes,1,,,,
P18,brand-direct,yes,a,question about Acme Invoicing P18,Engine A,3,2026-08-21,out/web-on/US/desktop,yes,1,,,,
P19,brand-direct,yes,a,question about Acme Invoicing P19,Engine A,1,2026-08-03,out/web-on/US/desktop,yes,1,,,,
P19,brand-direct,yes,a,question about Acme Invoicing P19,Engine A,2,2026-08-12,out/web-on/US/desktop,yes,1,,,,
P19,brand-direct,yes,a,question about Acme Invoicing P19,Engine A,3,2026-08-21,out/web-on/US/desktop,yes,1,,,,
P20,brand-direct,yes,a,question about Acme Invoicing P20,Engine A,1,2026-08-03,out/web-on/US/desktop,yes,1,,,,
P20,brand-direct,yes,a,question about Acme Invoicing P20,Engine A,2,2026-08-12,out/web-on/US/desktop,yes,1,,,,
P20,brand-direct,yes,a,question about Acme Invoicing P20,Engine A,3,2026-08-21,out/web-on/US/desktop,yes,1,,,,
P01,discovery,no,a,unbranded prompt P01,Engine B,1,2026-08-03,out/web-on/US/desktop,yes,2,https://acme-invoicing.example/guides/p01,Northwind Pay,https://acme-invoicing.example/guides/p01;https://www.northwindpay.example/pricing,
P01,discovery,no,a,unbranded prompt P01,Engine B,2,2026-08-12,out/web-on/US/desktop,yes,2,,Globex Billing;Initech Ledger,https://globex-billing.example/features,
P01,discovery,no,a,unbranded prompt P01,Engine B,3,2026-08-21,out/web-on/US/desktop,yes,2,,Northwind Pay,https://www.northwindpay.example/pricing,
P02,discovery,no,a,unbranded prompt P02,Engine B,1,2026-08-03,out/web-on/US/desktop,yes,2,https://acme-invoicing.example/guides/p02,Globex Billing;Initech Ledger,https://acme-invoicing.example/guides/p02;https://globex-billing.example/features,
P02,discovery,no,a,unbranded prompt P02,Engine B,2,2026-08-12,out/web-on/US/desktop,yes,2,,Northwind Pay,https://www.northwindpay.example/pricing,
P02,discovery,no,a,unbranded prompt P02,Engine B,3,2026-08-21,out/web-on/US/desktop,yes,1,,,,
P03,discovery,no,a,unbranded prompt P03,Engine B,1,2026-08-03,out/web-on/US/desktop,yes,2,https://acme-invoicing.example/guides/p03,Northwind Pay,https://acme-invoicing.example/guides/p03;https://www.northwindpay.example/pricing,
P03,discovery,no,a,unbranded prompt P03,Engine B,2,2026-08-12,out/web-on/US/desktop,yes,1,,,,
P03,discovery,no,a,unbranded prompt P03,Engine B,3,2026-08-21,out/web-on/US/desktop,yes,2,,Northwind Pay,https://www.northwindpay.example/pricing,
P04,discovery,no,a,unbranded prompt P04,Engine B,1,2026-08-03,out/web-on/US/desktop,no,,,,https://www.softwarereviews.example/invoicing,
P04,discovery,no,a,unbranded prompt P04,Engine B,2,2026-08-12,out/web-on/US/desktop,no,,,Northwind Pay,https://www.northwindpay.example/pricing;https://www.softwarereviews.example/invoicing,
P04,discovery,no,a,unbranded prompt P04,Engine B,3,2026-08-21,out/web-on/US/desktop,no,,,,https://www.softwarereviews.example/invoicing,
P05,discovery,no,a,unbranded prompt P05,Engine B,1,2026-08-03,out/web-on/US/desktop,no,,,Northwind Pay,https://www.northwindpay.example/pricing;https://financeblog.example/best-invoicing,
P05,discovery,no,a,unbranded prompt P05,Engine B,2,2026-08-12,out/web-on/US/desktop,no,,,,https://financeblog.example/best-invoicing,
P05,discovery,no,a,unbranded prompt P05,Engine B,3,2026-08-21,out/web-on/US/desktop,no,,,Northwind Pay,https://www.northwindpay.example/pricing;https://financeblog.example/best-invoicing,
P06,discovery,no,a,unbranded prompt P06,Engine B,1,2026-08-03,out/web-on/US/desktop,no,,,,,
P06,discovery,no,a,unbranded prompt P06,Engine B,2,2026-08-12,out/web-on/US/desktop,no,,,Northwind Pay,https://www.northwindpay.example/pricing,
P06,discovery,no,a,unbranded prompt P06,Engine B,3,2026-08-21,out/web-on/US/desktop,no,,,Globex Billing;Initech Ledger,https://globex-billing.example/features,
P07,use-case,no,a,unbranded prompt P07,Engine B,1,2026-08-03,out/web-on/US/desktop,no,,,Northwind Pay,https://www.northwindpay.example/pricing,
P07,use-case,no,a,unbranded prompt P07,Engine B,2,2026-08-12,out/web-on/US/desktop,no,,,Globex Billing;Initech Ledger,https://globex-billing.example/features,
P07,use-case,no,a,unbranded prompt P07,Engine B,3,2026-08-21,out/web-on/US/desktop,no,,,Northwind Pay,https://www.northwindpay.example/pricing,
P08,use-case,no,a,unbranded prompt P08,Engine B,1,2026-08-03,out/web-on/US/desktop,no,,,Globex Billing;Initech Ledger,https://globex-billing.example/features;https://www.softwarereviews.example/invoicing,
P08,use-case,no,a,unbranded prompt P08,Engine B,2,2026-08-12,out/web-on/US/desktop,no,,,Northwind Pay,https://www.northwindpay.example/pricing;https://www.softwarereviews.example/invoicing,
P08,use-case,no,a,unbranded prompt P08,Engine B,3,2026-08-21,out/web-on/US/desktop,no,,,,https://www.softwarereviews.example/invoicing,
P09,use-case,no,a,unbranded prompt P09,Engine B,1,2026-08-03,out/web-on/US/desktop,yes,2,https://acme-invoicing.example/guides/p09,Northwind Pay,https://acme-invoicing.example/guides/p09;https://www.northwindpay.example/pricing,
P09,use-case,no,a,unbranded prompt P09,Engine B,2,2026-08-12,out/web-on/US/desktop,no,,,,,
P09,use-case,no,a,unbranded prompt P09,Engine B,3,2026-08-21,out/web-on/US/desktop,no,,,Northwind Pay,https://www.northwindpay.example/pricing,
P10,use-case,no,a,unbranded prompt P10,Engine B,1,2026-08-03,out/web-on/US/desktop,no,,,,https://financeblog.example/best-invoicing,
P10,use-case,no,a,unbranded prompt P10,Engine B,2,2026-08-12,out/web-on/US/desktop,no,,,Northwind Pay,https://www.northwindpay.example/pricing;https://financeblog.example/best-invoicing,
P10,use-case,no,a,unbranded prompt P10,Engine B,3,2026-08-21,out/web-on/US/desktop,no,,,,https://financeblog.example/best-invoicing,
P11,comparison,no,a,unbranded prompt P11,Engine B,1,2026-08-03,out/web-on/US/desktop,no,,,Northwind Pay,https://www.northwindpay.example/pricing,
P11,comparison,no,a,unbranded prompt P11,Engine B,2,2026-08-12,out/web-on/US/desktop,no,,,,,
P11,comparison,no,a,unbranded prompt P11,Engine B,3,2026-08-21,out/web-on/US/desktop,no,,,Northwind Pay,https://www.northwindpay.example/pricing,
P12,comparison,no,a,unbranded prompt P12,Engine B,1,2026-08-03,out/web-on/US/desktop,no,,,,https://www.softwarereviews.example/invoicing,
P12,comparison,no,a,unbranded prompt P12,Engine B,2,2026-08-12,out/web-on/US/desktop,no,,,Northwind Pay,https://www.northwindpay.example/pricing;https://www.softwarereviews.example/invoicing,
P12,comparison,no,a,unbranded prompt P12,Engine B,3,2026-08-21,out/web-on/US/desktop,no,,,Globex Billing;Initech Ledger,https://globex-billing.example/features;https://www.softwarereviews.example/invoicing,
P13,comparison,no,a,unbranded prompt P13,Engine B,1,2026-08-03,out/web-on/US/desktop,no,,,Northwind Pay,https://www.northwindpay.example/pricing,
P13,comparison,no,a,unbranded prompt P13,Engine B,2,2026-08-12,out/web-on/US/desktop,no,,,Globex Billing;Initech Ledger,https://globex-billing.example/features,
P13,comparison,no,a,unbranded prompt P13,Engine B,3,2026-08-21,out/web-on/US/desktop,no,,,Northwind Pay,https://www.northwindpay.example/pricing,
P14,problem,no,a,unbranded prompt P14,Engine B,1,2026-08-03,out/web-on/US/desktop,no,,,Globex Billing;Initech Ledger,https://globex-billing.example/features,
P14,problem,no,a,unbranded prompt P14,Engine B,2,2026-08-12,out/web-on/US/desktop,no,,,Northwind Pay,https://www.northwindpay.example/pricing,
P14,problem,no,a,unbranded prompt P14,Engine B,3,2026-08-21,out/web-on/US/desktop,no,,,,,
P15,problem,no,a,unbranded prompt P15,Engine B,1,2026-08-03,out/web-on/US/desktop,no,,,Northwind Pay,https://www.northwindpay.example/pricing;https://financeblog.example/best-invoicing,
P15,problem,no,a,unbranded prompt P15,Engine B,2,2026-08-12,out/web-on/US/desktop,no,,,,https://financeblog.example/best-invoicing,
P15,problem,no,a,unbranded prompt P15,Engine B,3,2026-08-21,out/web-on/US/desktop,no,,,Northwind Pay,https://www.northwindpay.example/pricing;https://financeblog.example/best-invoicing,
P16,problem,no,a,unbranded prompt P16,Engine B,1,2026-08-03,out/web-on/US/desktop,no,,,,https://www.softwarereviews.example/invoicing,
P16,problem,no,a,unbranded prompt P16,Engine B,2,2026-08-12,out/web-on/US/desktop,no,,,Northwind Pay,https://www.northwindpay.example/pricing;https://www.softwarereviews.example/invoicing,
P16,problem,no,a,unbranded prompt P16,Engine B,3,2026-08-21,out/web-on/US/desktop,no,,,,https://www.softwarereviews.example/invoicing,
P17,brand-direct,yes,a,question about Acme Invoicing P17,Engine B,1,2026-08-03,out/web-on/US/desktop,yes,1,,,,
P17,brand-direct,yes,a,question about Acme Invoicing P17,Engine B,2,2026-08-12,out/web-on/US/desktop,yes,1,,,,
P17,brand-direct,yes,a,question about Acme Invoicing P17,Engine B,3,2026-08-21,out/web-on/US/desktop,yes,1,,,,
P18,brand-direct,yes,a,question about Acme Invoicing P18,Engine B,1,2026-08-03,out/web-on/US/desktop,yes,1,,,,
P18,brand-direct,yes,a,question about Acme Invoicing P18,Engine B,2,2026-08-12,out/web-on/US/desktop,yes,1,,,,
P18,brand-direct,yes,a,question about Acme Invoicing P18,Engine B,3,2026-08-21,out/web-on/US/desktop,yes,1,,,,
P19,brand-direct,yes,a,question about Acme Invoicing P19,Engine B,1,2026-08-03,out/web-on/US/desktop,yes,1,,,,
P19,brand-direct,yes,a,question about Acme Invoicing P19,Engine B,2,2026-08-12,out/web-on/US/desktop,yes,1,,,,
P19,brand-direct,yes,a,question about Acme Invoicing P19,Engine B,3,2026-08-21,out/web-on/US/desktop,yes,1,,,,
P20,brand-direct,yes,a,question about Acme Invoicing P20,Engine B,1,2026-08-03,out/web-on/US/desktop,yes,1,,,,
P20,brand-direct,yes,a,question about Acme Invoicing P20,Engine B,2,2026-08-12,out/web-on/US/desktop,yes,1,,,,
P20,brand-direct,yes,a,question about Acme Invoicing P20,Engine B,3,2026-08-21,out/web-on/US/desktop,yes,1,,,,
P01,discovery,no,a,unbranded prompt P01,Engine C,1,2026-08-03,out/web-on/US/desktop,yes,2,,Northwind Pay,https://www.northwindpay.example/pricing,
P01,discovery,no,a,unbranded prompt P01,Engine C,2,2026-08-12,out/web-on/US/desktop,yes,2,,Globex Billing;Initech Ledger,https://globex-billing.example/features,
P01,discovery,no,a,unbranded prompt P01,Engine C,3,2026-08-21,out/web-on/US/desktop,yes,2,,Northwind Pay,https://www.northwindpay.example/pricing,
P02,discovery,no,a,unbranded prompt P02,Engine C,1,2026-08-03,out/web-on/US/desktop,yes,2,,Globex Billing;Initech Ledger,https://globex-billing.example/features,
P02,discovery,no,a,unbranded prompt P02,Engine C,2,2026-08-12,out/web-on/US/desktop,yes,2,,Northwind Pay,https://www.northwindpay.example/pricing,
P02,discovery,no,a,unbranded prompt P02,Engine C,3,2026-08-21,out/web-on/US/desktop,yes,1,,,,
P03,discovery,no,a,unbranded prompt P03,Engine C,1,2026-08-03,out/web-on/US/desktop,no,,,Northwind Pay,https://www.northwindpay.example/pricing,
P03,discovery,no,a,unbranded prompt P03,Engine C,2,2026-08-12,out/web-on/US/desktop,no,,,,,
P03,discovery,no,a,unbranded prompt P03,Engine C,3,2026-08-21,out/web-on/US/desktop,no,,,Northwind Pay,https://www.northwindpay.example/pricing,
P04,discovery,no,a,unbranded prompt P04,Engine C,1,2026-08-03,out/web-on/US/desktop,no,,,,https://www.softwarereviews.example/invoicing,
P04,discovery,no,a,unbranded prompt P04,Engine C,2,2026-08-12,out/web-on/US/desktop,no,,,Northwind Pay,https://www.northwindpay.example/pricing;https://www.softwarereviews.example/invoicing,
P04,discovery,no,a,unbranded prompt P04,Engine C,3,2026-08-21,out/web-on/US/desktop,no,,,,https://www.softwarereviews.example/invoicing,
P05,discovery,no,a,unbranded prompt P05,Engine C,1,2026-08-03,out/web-on/US/desktop,no,,,Northwind Pay,https://www.northwindpay.example/pricing;https://financeblog.example/best-invoicing,
P05,discovery,no,a,unbranded prompt P05,Engine C,2,2026-08-12,out/web-on/US/desktop,no,,,,https://financeblog.example/best-invoicing,
P05,discovery,no,a,unbranded prompt P05,Engine C,3,2026-08-21,out/web-on/US/desktop,no,,,Northwind Pay,https://www.northwindpay.example/pricing;https://financeblog.example/best-invoicing,
P06,discovery,no,a,unbranded prompt P06,Engine C,1,2026-08-03,out/web-on/US/desktop,no,,,,,
P06,discovery,no,a,unbranded prompt P06,Engine C,2,2026-08-12,out/web-on/US/desktop,no,,,Northwind Pay,https://www.northwindpay.example/pricing,
P06,discovery,no,a,unbranded prompt P06,Engine C,3,2026-08-21,out/web-on/US/desktop,no,,,Globex Billing;Initech Ledger,https://globex-billing.example/features,
P07,use-case,no,a,unbranded prompt P07,Engine C,1,2026-08-03,out/web-on/US/desktop,no,,,Northwind Pay,https://www.northwindpay.example/pricing,
P07,use-case,no,a,unbranded prompt P07,Engine C,2,2026-08-12,out/web-on/US/desktop,no,,,Globex Billing;Initech Ledger,https://globex-billing.example/features,
P07,use-case,no,a,unbranded prompt P07,Engine C,3,2026-08-21,out/web-on/US/desktop,no,,,Northwind Pay,https://www.northwindpay.example/pricing,
P08,use-case,no,a,unbranded prompt P08,Engine C,1,2026-08-03,out/web-on/US/desktop,no,,,Globex Billing;Initech Ledger,https://globex-billing.example/features;https://www.softwarereviews.example/invoicing,
P08,use-case,no,a,unbranded prompt P08,Engine C,2,2026-08-12,out/web-on/US/desktop,no,,,Northwind Pay,https://www.northwindpay.example/pricing;https://www.softwarereviews.example/invoicing,
P08,use-case,no,a,unbranded prompt P08,Engine C,3,2026-08-21,out/web-on/US/desktop,no,,,,https://www.softwarereviews.example/invoicing,
P09,use-case,no,a,unbranded prompt P09,Engine C,1,2026-08-03,out/web-on/US/desktop,no,,,Northwind Pay,https://www.northwindpay.example/pricing,
P09,use-case,no,a,unbranded prompt P09,Engine C,2,2026-08-12,out/web-on/US/desktop,no,,,,,
P09,use-case,no,a,unbranded prompt P09,Engine C,3,2026-08-21,out/web-on/US/desktop,no,,,Northwind Pay,https://www.northwindpay.example/pricing,
P10,use-case,no,a,unbranded prompt P10,Engine C,1,2026-08-03,out/web-on/US/desktop,no,,,,https://financeblog.example/best-invoicing,
P10,use-case,no,a,unbranded prompt P10,Engine C,2,2026-08-12,out/web-on/US/desktop,no,,,Northwind Pay,https://www.northwindpay.example/pricing;https://financeblog.example/best-invoicing,
P10,use-case,no,a,unbranded prompt P10,Engine C,3,2026-08-21,out/web-on/US/desktop,no,,,,https://financeblog.example/best-invoicing,
P11,comparison,no,a,unbranded prompt P11,Engine C,1,2026-08-03,out/web-on/US/desktop,no,,,Northwind Pay,https://www.northwindpay.example/pricing,
P11,comparison,no,a,unbranded prompt P11,Engine C,2,2026-08-12,out/web-on/US/desktop,no,,,,,
P11,comparison,no,a,unbranded prompt P11,Engine C,3,2026-08-21,out/web-on/US/desktop,no,,,Northwind Pay,https://www.northwindpay.example/pricing,
P12,comparison,no,a,unbranded prompt P12,Engine C,1,2026-08-03,out/web-on/US/desktop,no,,,,https://www.softwarereviews.example/invoicing,
P12,comparison,no,a,unbranded prompt P12,Engine C,2,2026-08-12,out/web-on/US/desktop,no,,,Northwind Pay,https://www.northwindpay.example/pricing;https://www.softwarereviews.example/invoicing,
P12,comparison,no,a,unbranded prompt P12,Engine C,3,2026-08-21,out/web-on/US/desktop,no,,,Globex Billing;Initech Ledger,https://globex-billing.example/features;https://www.softwarereviews.example/invoicing,
P13,comparison,no,a,unbranded prompt P13,Engine C,1,2026-08-03,out/web-on/US/desktop,no,,,Northwind Pay,https://www.northwindpay.example/pricing,
P13,comparison,no,a,unbranded prompt P13,Engine C,2,2026-08-12,out/web-on/US/desktop,no,,,Globex Billing;Initech Ledger,https://globex-billing.example/features,
P13,comparison,no,a,unbranded prompt P13,Engine C,3,2026-08-21,out/web-on/US/desktop,no,,,Northwind Pay,https://www.northwindpay.example/pricing,
P14,problem,no,a,unbranded prompt P14,Engine C,1,2026-08-03,out/web-on/US/desktop,no,,,Globex Billing;Initech Ledger,https://globex-billing.example/features,
P14,problem,no,a,unbranded prompt P14,Engine C,2,2026-08-12,out/web-on/US/desktop,no,,,Northwind Pay,https://www.northwindpay.example/pricing,
P14,problem,no,a,unbranded prompt P14,Engine C,3,2026-08-21,out/web-on/US/desktop,no,,,,,
P15,problem,no,a,unbranded prompt P15,Engine C,1,2026-08-03,out/web-on/US/desktop,no,,,Northwind Pay,https://www.northwindpay.example/pricing;https://financeblog.example/best-invoicing,
P15,problem,no,a,unbranded prompt P15,Engine C,2,2026-08-12,out/web-on/US/desktop,no,,,,https://financeblog.example/best-invoicing,
P15,problem,no,a,unbranded prompt P15,Engine C,3,2026-08-21,out/web-on/US/desktop,no,,,Northwind Pay,https://www.northwindpay.example/pricing;https://financeblog.example/best-invoicing,
P16,problem,no,a,unbranded prompt P16,Engine C,1,2026-08-03,out/web-on/US/desktop,no,,,,https://www.softwarereviews.example/invoicing,
P16,problem,no,a,unbranded prompt P16,Engine C,2,2026-08-12,out/web-on/US/desktop,no,,,Northwind Pay,https://www.northwindpay.example/pricing;https://www.softwarereviews.example/invoicing,
P16,problem,no,a,unbranded prompt P16,Engine C,3,2026-08-21,out/web-on/US/desktop,no,,,,https://www.softwarereviews.example/invoicing,
P17,brand-direct,yes,a,question about Acme Invoicing P17,Engine C,1,2026-08-03,out/web-on/US/desktop,yes,1,,,,
P17,brand-direct,yes,a,question about Acme Invoicing P17,Engine C,2,2026-08-12,out/web-on/US/desktop,yes,1,,,,
P17,brand-direct,yes,a,question about Acme Invoicing P17,Engine C,3,2026-08-21,out/web-on/US/desktop,yes,1,,,,
P18,brand-direct,yes,a,question about Acme Invoicing P18,Engine C,1,2026-08-03,out/web-on/US/desktop,yes,1,,,,
P18,brand-direct,yes,a,question about Acme Invoicing P18,Engine C,2,2026-08-12,out/web-on/US/desktop,yes,1,,,,
P18,brand-direct,yes,a,question about Acme Invoicing P18,Engine C,3,2026-08-21,out/web-on/US/desktop,yes,1,,,,
P19,brand-direct,yes,a,question about Acme Invoicing P19,Engine C,1,2026-08-03,out/web-on/US/desktop,yes,1,,,,
P19,brand-direct,yes,a,question about Acme Invoicing P19,Engine C,2,2026-08-12,out/web-on/US/desktop,yes,1,,,,
P19,brand-direct,yes,a,question about Acme Invoicing P19,Engine C,3,2026-08-21,out/web-on/US/desktop,yes,1,,,,
P20,brand-direct,yes,a,question about Acme Invoicing P20,Engine C,1,2026-08-03,out/web-on/US/desktop,yes,1,,,,
P20,brand-direct,yes,a,question about Acme Invoicing P20,Engine C,2,2026-08-12,out/web-on/US/desktop,yes,1,,,,
P20,brand-direct,yes,a,question about Acme Invoicing P20,Engine C,3,2026-08-21,out/web-on/US/desktop,yes,1,,,,
